{
  "a8": [
    [
      155.0,
      55.0
    ],
    [
      197.69036865234375,
      56.641937255859375
    ],
    [
      196.31488037109375,
      98.9681396484375
    ],
    [
      153.62452697753906,
      97.38939666748047
    ]
  ],
  "b8": [
    [
      197.69036865234375,
      56.641937255859375
    ],
    [
      240.25381469726562,
      58.27899169921875
    ],
    [
      238.87831115722656,
      100.54218292236328
    ],
    [
      196.31488037109375,
      98.9681396484375
    ]
  ],
  "c8": [
    [
      240.25381469726562,
      58.27899169921875
    ],
    [
      282.69085693359375,
      59.91118621826172
    ],
    [
      281.3153381347656,
      102.11155700683594
    ],
    [
      238.87831115722656,
      100.54218292236328
    ]
  ],
  "d8": [
    [
      282.69085693359375,
      59.91118621826172
    ],
    [
      325.0021057128906,
      61.538543701171875
    ],
    [
      323.6265869140625,
      103.67628479003906
    ],
    [
      281.3153381347656,
      102.11155700683594
    ]
  ],
  "e8": [
    [
      325.0021057128906,
      61.538543701171875
    ],
    [
      367.1880798339844,
      63.16107940673828
    ],
    [
      365.81256103515625,
      105.23637390136719
    ],
    [
      323.6265869140625,
      103.67628479003906
    ]
  ],
  "f8": [
    [
      367.1880798339844,
      63.16107940673828
    ],
    [
      409.2493591308594,
      64.77882385253906
    ],
    [
      407.87384033203125,
      106.79185485839844
    ],
    [
      365.81256103515625,
      105.23637390136719
    ]
  ],
  "g8": [
    [
      409.2493591308594,
      64.77882385253906
    ],
    [
      451.18646240234375,
      66.39178466796875
    ],
    [
      449.8110046386719,
      108.34274291992188
    ],
    [
      407.87384033203125,
      106.79185485839844
    ]
  ],
  "h8": [
    [
      451.18646240234375,
      66.39178466796875
    ],
    [
      493.0,
      68.0
    ],
    [
      491.6245422363281,
      109.8890609741211
    ],
    [
      449.8110046386719,
      108.34274291992188
    ]
  ],
  "a7": [
    [
      153.62452697753906,
      97.38939666748047
    ],
    [
      196.31488037109375,
      98.9681396484375
    ],
    [
      194.9395294189453,
      141.2902374267578
    ],
    [
      152.24920654296875,
      139.77467346191406
    ]
  ],
  "b7": [
    [
      196.31488037109375,
      98.9681396484375
    ],
    [
      238.87831115722656,
      100.54218292236328
    ],
    [
      237.5029296875,
      142.80128479003906
    ],
    [
      194.9395294189453,
      141.2902374267578
    ]
  ],
  "c7": [
    [
      238.87831115722656,
      100.54218292236328
    ],
    [
      281.3153381347656,
      102.11155700683594
    ],
    [
      279.9399719238281,
      144.307861328125
    ],
    [
      237.5029296875,
      142.80128479003906
    ]
  ],
  "d7": [
    [
      281.3153381347656,
      102.11155700683594
    ],
    [
      323.6265869140625,
      103.67628479003906
    ],
    [
      322.2511901855469,
      145.80995178222656
    ],
    [
      279.9399719238281,
      144.307861328125
    ]
  ],
  "e7": [
    [
      323.6265869140625,
      103.67628479003906
    ],
    [
      365.81256103515625,
      105.23637390136719
    ],
    [
      364.43719482421875,
      147.3076171875
    ],
    [
      322.2511901855469,
      145.80995178222656
    ]
  ],
  "f7": [
    [
      365.81256103515625,
      105.23637390136719
    ],
    [
      407.87384033203125,
      106.79185485839844
    ],
    [
      406.49847412109375,
      148.80084228515625
    ],
    [
      364.43719482421875,
      147.3076171875
    ]
  ],
  "g7": [
    [
      407.87384033203125,
      106.79185485839844
    ],
    [
      449.8110046386719,
      108.34274291992188
    ],
    [
      448.4356384277344,
      150.28965759277344
    ],
    [
      406.49847412109375,
      148.80084228515625
    ]
  ],
  "h7": [
    [
      449.8110046386719,
      108.34274291992188
    ],
    [
      491.6245422363281,
      109.8890609741211
    ],
    [
      490.24920654296875,
      151.7740936279297
    ],
    [
      448.4356384277344,
      150.28965759277344
    ]
  ],
  "a6": [
    [
      152.24920654296875,
      139.77467346191406
    ],
    [
      194.9395294189453,
      141.2902374267578
    ],
    [
      193.56431579589844,
      183.6082305908203
    ],
    [
      150.87399291992188,
      182.1558380126953
    ]
  ],
  "b6": [
    [
      194.9395294189453,
      141.2902374267578
    ],
    [
      237.5029296875,
      142.80128479003906
    ],
    [
      236.12770080566406,
      185.05630493164062
    ],
    [
      193.56431579589844,
      183.6082305908203
    ]
  ],
  "c6": [
    [
      237.5029296875,
      142.80128479003906
    ],
    [
      279.9399719238281,
      144.307861328125
    ],
    [
      278.5647277832031,
      186.5000762939453
    ],
    [
      236.12770080566406,
      185.05630493164062
    ]
  ],
  "d6": [
    [
      279.9399719238281,
      144.307861328125
    ],
    [
      322.2511901855469,
      145.80995178222656
    ],
    [
      320.8759460449219,
      187.9395751953125
    ],
    [
      278.5647277832031,
      186.5000762939453
    ]
  ],
  "e6": [
    [
      322.2511901855469,
      145.80995178222656
    ],
    [
      364.43719482421875,
      147.3076171875
    ],
    [
      363.06195068359375,
      189.3748016357422
    ],
    [
      320.8759460449219,
      187.9395751953125
    ]
  ],
  "f6": [
    [
      364.43719482421875,
      147.3076171875
    ],
    [
      406.49847412109375,
      148.80084228515625
    ],
    [
      405.1232604980469,
      190.8057861328125
    ],
    [
      363.06195068359375,
      189.3748016357422
    ]
  ],
  "g6": [
    [
      406.49847412109375,
      148.80084228515625
    ],
    [
      448.4356384277344,
      150.28965759277344
    ],
    [
      447.0604248046875,
      192.23255920410156
    ],
    [
      405.1232604980469,
      190.8057861328125
    ]
  ],
  "h6": [
    [
      448.4356384277344,
      150.28965759277344
    ],
    [
      490.24920654296875,
      151.7740936279297
    ],
    [
      488.8740234375,
      193.65512084960938
    ],
    [
      447.0604248046875,
      192.23255920410156
    ]
  ],
  "a5": [
    [
      150.87399291992188,
      182.1558380126953
    ],
    [
      193.56431579589844,
      183.6082305908203
    ],
    [
      192.18922424316406,
      225.92213439941406
    ],
    [
      149.49893188476562,
      224.53289794921875
    ]
  ],
  "b5": [
    [
      193.56431579589844,
      183.6082305908203
    ],
    [
      236.12770080566406,
      185.05630493164062
    ],
    [
      234.75259399414062,
      227.30723571777344
    ],
    [
      192.18922424316406,
      225.92213439941406
    ]
  ],
  "c5": [
    [
      236.12770080566406,
      185.05630493164062
    ],
    [
      278.5647277832031,
      186.5000762939453
    ],
    [
      277.1896057128906,
      228.68821716308594
    ],
    [
      234.75259399414062,
      227.30723571777344
    ]
  ],
  "d5": [
    [
      278.5647277832031,
      186.5000762939453
    ],
    [
      320.8759460449219,
      187.9395751953125
    ],
    [
      319.5008544921875,
      230.0651092529297
    ],
    [
      277.1896057128906,
      228.68821716308594
    ]
  ],
  "e5": [
    [
      320.8759460449219,
      187.9395751953125
    ],
    [
      363.06195068359375,
      189.3748016357422
    ],
    [
      361.68682861328125,
      231.4379425048828
    ],
    [
      319.5008544921875,
      230.0651092529297
    ]
  ],
  "f5": [
    [
      363.06195068359375,
      189.3748016357422
    ],
    [
      405.1232604980469,
      190.8057861328125
    ],
    [
      403.7481384277344,
      232.80670166015625
    ],
    [
      361.68682861328125,
      231.4379425048828
    ]
  ],