{
  "a8": [
    [
      155.0,
      55.0
    ],
    [
      197.5660400390625,
      56.25934982299805
    ],
    [
      196.81626892089844,
      98.99687194824219
    ],
    [
      154.36329650878906,
      97.78648376464844
    ]
  ],
  "b8": [
    [
      197.5660400390625,
      56.25934982299805
    ],
    [
      240.04119873046875,
      57.51601028442383
    ],
    [
      239.17884826660156,
      100.20467376708984
    ],
    [
      196.81626892089844,
      98.99687194824219
    ]
  ],
  "c8": [
    [
      240.04119873046875,
      57.51601028442383
    ],
    [
      282.42578125,
      58.76999282836914
    ],
    [
      281.4513244628906,
      101.40991973876953
    ],
    [
      239.17884826660156,
      100.20467376708984
    ]
  ],
  "d8": [
    [
      282.42578125,
      58.76999282836914
    ],
    [
      324.7200622558594,
      60.021305084228516
    ],
    [
      323.63397216796875,
      102.61259460449219
    ],
    [
      281.4513244628906,
      101.40991973876953
    ]
  ],
  "e8": [
    [
      324.7200622558594,
      60.021305084228516
    ],
    [
      366.9243469238281,
      61.26995086669922
    ],
    [
      365.72711181640625,
      103.8127212524414
    ],
    [
      323.63397216796875,
      102.61259460449219
    ]
  ],
  "f8": [
    [
      366.9243469238281,
      61.26995086669922
    ],
    [
      409.0389099121094,
      62.51594543457031
    ],
    [
      407.7309875488281,
      105.01029968261719
    ],
    [
      365.72711181640625,
      103.8127212524414
    ]
  ],
  "g8": [
    [
      409.0389099121094,
      62.51594543457031
    ],
    [
      451.06402587890625,
      63.7592887878418
    ],
    [
      449.6459045410156,
      106.2053451538086
    ],
    [
      407.7309875488281,
      105.01029968261719
    ]
  ],
  "h8": [
    [
      451.06402587890625,
      63.7592887878418
    ],
    [
      493.0,
      65.0
    ],
    [
      491.4721374511719,
      107.39786529541016
    ],
    [
      449.6459045410156,
      106.2053451538086
    ]
  ],
  "a7": [
    [
      154.36329650878906,
      97.78648376464844
    ],
    [
      196.81626892089844,
      98.99687194824219
    ],
    [
      196.07049560546875,
      141.50657653808594
    ],
    [
      153.72999572753906,
      140.34466552734375
    ]
  ],
  "b7": [
    [
      196.81626892089844,
      98.99687194824219
    ],
    [
      239.17884826660156,
      100.20467376708984
    ],
    [
      238.32107543945312,
      142.66604614257812
    ],
    [
      196.07049560546875,
      141.50657653808594
    ]
  ],
  "c7": [
    [
      239.17884826660156,
      100.20467376708984
    ],
    [
      281.4513244628906,
      101.40991973876953
    ],
    [
      280.4820251464844,
      143.8230438232422
    ],
    [
      238.32107543945312,
      142.66604614257812
    ]
  ],
  "d7": [
    [
      281.4513244628906,
      101.40991973876953
    ],
    [
      323.63397216796875,
      102.61259460449219
    ],
    [
      322.55364990234375,
      144.9775848388672
    ],
    [
      280.4820251464844,
      143.8230438232422
    ]
  ],
  "e7": [
    [
      323.63397216796875,
      102.61259460449219
    ],
    [
      365.72711181640625,
      103.8127212524414
    ],
    [
      364.5362243652344,
      146.1296844482422
    ],
    [
      322.55364990234375,
      144.9775848388672
    ]
  ],
  "f7": [
    [
      365.72711181640625,
      103.8127212524414
    ],
    [
      407.7309875488281,
      105.01029968261719
    ],
    [
      406.42999267578125,
      147.27935791015625
    ],
    [
      364.5362243652344,
      146.1296844482422
    ]
  ],
  "g7": [
    [
      407.7309875488281,
      105.01029968261719
    ],
    [
      449.6459045410156,
      106.2053451538086
    ],
    [
      448.23529052734375,
      148.4265899658203
    ],
    [
      406.42999267578125,
      147.27935791015625
    ]
  ],
  "h7": [
    [
      449.6459045410156,
      106.2053451538086
    ],
    [
      491.4721374511719,
      107.39786529541016
    ],
    [
      489.952392578125,
      149.5714111328125
    ],
    [
      448.23529052734375,
      148.4265899658203
    ]
  ],
  "a6": [
    [
      153.72999572753906,
      140.34466552734375
    ],
    [
      196.07049560546875,
      141.50657653808594
    ],
    [
      195.32867431640625,
      183.79031372070312
    ],
    [
      153.1000518798828,
      182.6763458251953
    ]
  ],
  "b6": [
    [
      196.07049560546875,
      141.50657653808594
    ],
    [
      238.32107543945312,
      142.66604614257812
    ],
    [
      237.46786499023438,
      184.90191650390625
    ],
    [
      195.32867431640625,
      183.79031372070312
    ]
  ],
  "c6": [
    [
      238.32107543945312,
      142.66604614257812
    ],
    [
      280.4820251464844,
      143.8230438232422
    ],
    [
      279.5179138183594,
      186.01116943359375
    ],
    [
      237.46786499023438,
      184.90191650390625
    ]
  ],
  "d6": [
    [
      280.4820251464844,
      143.8230438232422
    ],
    [
      322.55364990234375,
      144.9775848388672
    ],
    [
      321.47906494140625,
      187.11807250976562
    ],
    [
      279.5179138183594,
      186.01116943359375
    ]
  ],
  "e6": [
    [
      322.55364990234375,
      144.9775848388672
    ],
    [
      364.5362243652344,
      146.1296844482422
    ],
    [
      363.3516540527344,
      188.22264099121094
    ],
    [
      321.47906494140625,
      187.11807250976562
    ]
  ],
  "f6": [
    [
      364.5362243652344,
      146.1296844482422
    ],
    [
      406.42999267578125,
      147.27935791015625
    ],
    [
      405.1358947753906,
      189.3248748779297
    ],
    [
      363.3516540527344,
      188.22264099121094
    ]
  ],
  "g6": [
    [
      406.42999267578125,
      147.27935791015625
    ],
    [
      448.23529052734375,
      148.4265899658203
    ],
    [
      446.8321533203125,
      190.42478942871094
    ],
    [
      405.1358947753906,
      189.3248748779297
    ]
  ],
  "h6": [
    [
      448.23529052734375,
      148.4265899658203
    ],
    [
      489.952392578125,
      149.5714111328125
    ],
    [
      488.4406433105469,
      191.52239990234375
    ],
    [
      446.8321533203125,
      190.42478942871094
    ]
  ],
  "a5": [
    [
      153.1000518798828,
      182.6763458251953
    ],
    [
      195.32867431640625,
      183.79031372070312
    ],
    [
      194.59080505371094,
      225.849853515625
    ],
    [
      152.4734649658203,
      224.78335571289062
    ]
  ],
  "b5": [
    [
      195.32867431640625,
      183.79031372070312
    ],
    [
      237.46786499023438,
      184.90191650390625
    ],
    [
      236.61917114257812,
      226.91409301757812
    ],
    [
      194.59080505371094,
      225.849853515625
    ]
  ],
  "c5": [
    [
      237.46786499023438,
      184.90191650390625
    ],
    [
      279.5179138183594,
      186.01116943359375
    ],
    [
      278.5588684082031,
      227.97607421875
    ],
    [
      236.61917114257812,
      226.91409301757812
    ]
  ],
  "d5": [
    [
      279.5179138183594,
      186.01116943359375
    ],
    [
      321.47906494140625,
      187.11807250976562
    ],
    [
      320.41015625,
      229.03582763671875
    ],
    [
      278.5588684082031,
      227.97607421875
    ]
  ],
  "e5": [
    [
      321.47906494140625,
      187.11807250976562
    ],
    [
      363.3516540527344,
      188.22264099121094
    ],
    [
      362.1733093261719,
      230.09335327148438
    ],
    [
      320.41015625,
      229.03582763671875
    ]
  ],
  "f5": [
    [
      363.3516540527344,
      188.22264099121094
    ],
    [
      405.1358947753906,
      189.3248748779297
    ],
    [
      403.8486328125,
      231.14865112304688
    ],
    [
      362.1733093261719,
      230.09335327148438
    ]
  ],